mgoodbarr0,Goodbarr,Matthus,5308668498,mgoodbarr0@epa.gov,true,false,Karang Tengah,mkLeB7J
jcamelin1,Camelin,Jo ann,9106019599,jcamelin1@domainmarket.com,false,true,Cilimus Kulon,rVuIaCmKnIAY
fkerwen2,Kerwen,Freda,1201682624,fkerwen2@noaa.gov,false,false,Mawang,eytzCH
fmournian3,Mournian,Fonz,8794613631,fmournian3@jigsy.com,false,false,Kopong,dpFyMLWLbuW
tkinavan4,Kinavan,Tamma,7821827112,tkinavan4@instagram.com,false,true,Clermont-Ferrand,REqR1Y8D
fgallichan5,Gallichan,Fifi,1069217215,fgallichan5@amazonaws.com,true,true,Wuluo,8K9aGpPJKsox
adivisek6,Divisek,Amberly,2494586540,adivisek6@printfriendly.com,false,true,Elekmonar,HHZ6QSN
tmcgeorge7,McGeorge,Toma,7787327519,tmcgeorge7@stanford.edu,true,false,Paris 02,9QNtCADfb52
gsale8,Sale,Gaylor,7006293721,gsale8@last.fm,false,false,Chasŏng,ai7bidD
cflatt9,Flatt,Clemmy,2275639360,cflatt9@163.com,false,true,Mardīān,rwpkEzWt
epahlera,Pahler,Elbert,7755166052,epahlera@cornell.edu,false,false,Lezhu,eu7zLXe
xdennettb,Dennett,Xavier,1767011143,xdennettb@i2i.jp,true,true,Lipinki Łużyckie,O0R8jgR233
hlessliec,Lesslie,Haily,4505106477,hlessliec@prweb.com,false,true,Darma,BGxbPtgg
cstoffelsd,Stoffels,Corby,3376476360,cstoffelsd@about.me,false,false,Kaabong,mwSaaOE3
rtindlee,Tindle,Reginald,1975553400,rtindlee@ox.ac.uk,true,false,Tyoply Stan,MlhjxYmOFy
ljacqueminetf,Jacqueminet,Lothaire,3318118329,ljacqueminetf@auda.org.au,false,true,Kassiri,sBMT1I92q6
bhitzmanng,Hitzmann,Brenda,9764692258,bhitzmanng@mysql.com,true,true,Shymkent,FUoTWNEFOdo
mdoryh,Dory,Magda,6942513561,mdoryh@salon.com,true,true,Mabilog,NJgQ8ySIcsAU
astoodi,Stood,Adair,3317272559,astoodi@lulu.com,false,true,Sibulan,5MBbcR4V
spaigej,Paige,Salome,5591997421,spaigej@goodreads.com,true,false,Zlonice,6BZ6ZEXI
kwoolensk,Woolens,Kaila,1578218909,kwoolensk@themeforest.net,false,true,Đức Phong,tcNnUX
